Reviewer_Text,Topics,Sentiments,Sub_Topics
"Pays Ahsan",Overall Experience,Positive,Customer Service
"Berger",Overall Experience,Positive,General
"Exp√©rience neutre",Overall Experience,Neutral,General
"Tr√®s mauvaise exp√©rience",Overall Experience,Negative,General
"Exp√©rience neutre",Overall Experience,Neutral,General
"Tr√®s bonne exp√©rience",Overall Experience,Positive,General
"Exp√©rience neutre",Overall Experience,Neutral,General
"J'ai eu l'honneur d'√™tre accueilli chaleureusement par le pr√©sident  de la BP Nador Al Hociema et son proche collaborateur , au cours  de notre entretien,  j'ai d√©couvert une personnalit√© tr√®s averti, dynamique, pragmatique, et ‚Ä¶",Customer Service,Positive,Management Interaction
"Si√®ge de la banque populaire  Nador Al hoceima.",Location,Positive,General
"Bon accueil et professionnel",Customer Service,Positive,General
"Accueil chaleureux bon service",Customer Service,Positive,General
"Certains employ√©s de cette agence sont arrogants, notamment la dame en charge de l'assurance transport des morts (middle office). L'ann√©e prochaine, je d√©m√©nagerai dans une meilleure banque, si Dieu le veut",Customer Service,Negative,Staff Behavior
"Je ne suis jamais entr√© dans une banque aussi hostile.\nPersonnel comme dans la rue\nTr√®s d√©√ßu.",Customer Service,Negative,Staff Behavior
"Cool. üëçüîê ‚Ä¶",Overall Experience,Positive,General
"Meilleure banque",Overall Experience,Positive,General
"√™tre",Overall Experience,Positive,General
"Bonne exp√©rience",Overall Experience,Positive,General
"Tr√®s bonne exp√©rience",Overall Experience,Positive,General
"Tr√®s bonne exp√©rience",Overall Experience,Positive,General
"Exp√©rience neutre",Overall Experience,Neutral,General
"Tr√®s bonne exp√©rience",Overall Experience,Positive,General
"Tr√®s mauvaise exp√©rience",Overall Experience,Negative,General
"Exp√©rience neutre",Overall Experience,Neutral,General
"Tr√®s bonne exp√©rience",Overall Experience,Positive,General
"Banque et service normal.",Overall Experience,Neutral,Service Quality
"Banque populaire du nador",Location,Positive,General
"Bien",Overall Experience,Neutral,General
"Non",Overall Experience,Negative,General
"Tr√®s bonne exp√©rience",Overall Experience,Positive,General
"Exp√©rience neutre",Overall Experience,Neutral,General
"Exp√©rience neutre",Overall Experience,Neutral,General
"Bonne √©quipe",Customer Service,Positive,Staff
"C'est une banque de quartier",Location,Positive,General
"Tr√®s mauvaise exp√©rience",Overall Experience,Negative,General
"Tr√®s bonne exp√©rience",Overall Experience,Positive,General
"Exp√©rience neutre",Overall Experience,Neutral,General
"Bonne equipe.",Customer Service,Positive,Staff
"Bonne exp√©rience",Overall Experience,Positive,General
"Tr√®s mauvaise exp√©rience",Overall Experience,Negative,General
"Tr√®s mauvaise exp√©rience",Overall Experience,Negative,General
"Tr√®s bonne exp√©rience",Overall Experience,Positive,General
"Tr√®s bonne exp√©rience",Overall Experience,Positive,General
"Des gens biens",Customer Service,Positive,Staff
"Comme les autres banques",Overall Experience,Positive,General
"Tr√®s mauvaise exp√©rience",Overall Experience,Negative,General
"Tr√®s mauvaise exp√©rience",Overall Experience,Negative,General
"Mauvaise exp√©rience",Overall Experience,Negative,General
"Bonne exp√©rience",Overall Experience,Positive,General
"Tr√®s mauvaise exp√©rience",Overall Experience,Negative,General
"C'est une agence tr√®s magnifique Et tr√®s r√©actif chapeau pour l √©quipe  bonne continuation",Customer Service,Positive,Staff
"Si vous n'√™tes pas r√©sident au Maroc c'est tr√®s gal√®re pour retirer de l'argent de son propre compte bancaire...",Service Quality,Negative,Withdrawal Issues
"Que Dieu b√©nisse",Overall Experience,Positive,General
"Service haut de gamme",Service Quality,Positive,General
"Banque Dima Resayx huit",Location,Positive,General
"Parce que oui\nMerci",Overall Experience,Positive,General
"Bonne exp√©rience",Overall Experience,Positive,General
"Imcompetence\nAucun engagement\nJe sais pas si y a quelqu‚Äôun qui controle ces gens la ou pas . ‚Ä¶",Service Quality,Negative,Incompetence
"A√Øe incomp√©tence c‚Äôest le seul mot qui me vienne",Service Quality,Negative,Incompetence
"Bonne exp√©rience",Overall Experience,Positive,General
"Une √©quipe tr√®s serviable et professionnelle.",Customer Service,Positive,Staff
"Merci pour le changement de direction j'aime bien",Management,Positive,Leadership
"Bonne agence ... une √©quipe professionnels.....",Customer Service,Positive,Staff
"toujours je t√©l√©phone pas r√©pondre .",Customer Service,Negative,Communication
"Tr√®s mauvaise exp√©rience",Overall Experience,Negative,General
"Tr√®s bonne exp√©rience",Overall Experience,Positive,General
"Imcompetence\nAucun engagement\nJe sais pas si y a quelqu‚Äôun qui controle ces gens la ou pas . ‚Ä¶",Service Quality,Negative,Incompetence
"A√Øe incomp√©tence c‚Äôest le seul mot qui me vienne",Service Quality,Negative,Incompetence
"Bonne exp√©rience",Overall Experience,Positive,General
"Une √©quipe tr√®s serviable et professionnelle.",Customer Service,Positive,Staff
"Merci pour le changement de direction j'aime bien",Management,Positive,Leadership
"Bonne agence ... une √©quipe professionnels.....",Customer Service,Positive,Staff
"toujours je t√©l√©phone pas r√©pondre .",Customer Service,Negative,Communication
"Tr√®s mauvaise exp√©rience",Overall Experience,Negative,General
"Tr√®s bonne exp√©rience",Overall Experience,Positive,General
"Imcompetence\nAucun engagement\nJe sais pas si y a quelqu‚Äôun qui controle ces gens la ou pas . ‚Ä¶",Service Quality,Negative,Incompetence
"A√Øe incomp√©tence c‚Äôest le seul mot qui me vienne",Service Quality,Negative,Incompetence
"Bonne exp√©rience",Overall Experience,Positive,General
"C'est une agence tr√®s magnifique Et tr√®s r√©actif chapeau pour l √©quipe  bonne continuation",Customer Service,Positive,Staff
"Si vous n'√™tes pas r√©sident au Maroc c'est tr√®s gal√®re pour retirer de l'argent de son propre compte bancaire...",Service Quality,Negative,Withdrawal Issues
"Que Dieu b√©nisse",Overall Experience,Positive,General
"Service haut de gamme",Service Quality,Positive,General
"C'est la pire agence, toujours pas de la ligne de connexion, les menteurs ....",Service Quality,Negative,Connectivity Issues
"Bien",Overall Experience,Neutral,General
"Tr√®s bonne exp√©rience",Overall Experience,Positive,General
"Mauvaise exp√©rience",Overall Experience,Negative,General
"Tr√®s bonne exp√©rience",Overall Experience,Positive,General
"Chaisya rien",Overall Experience,Positive,General
"Prestation : 0\nSolutions\xa0: 0\nAttention\xa0: 0",Service Quality,Negative,Incompetence
"Tr√®s bien situ√©, personnel excellent. Il y a parfois des probl√®mes sur Internet",Service Quality,Positive,Location
"service 0",Service Quality,Negative,Incompetence
