Country,Town,Bank_Name,Bank_Phone_number,Bank_Address,Bank_Website,Reviewer_Name,Reviewer_Star,Reviewer_Text,Reviewer_Publish_Date,Reviewer_Like_Reaction,Reviewer_Profile_Link,Reviewer_Owner_Reply,Reviewer_Owner_Reply_Date,Topic,Sentiment,Sub_Topic
Morocco,Nador,Banque Populaire,Not available,"53Hg+Fvc, Bd Mohamed Ameziane Errifi, Nador",not available,Habib Chouaa,5,Pays Ahsan,2016-08-08 13:33:26.024489,0,https://www.google.com/maps/contrib/100694828163015130573/reviews?hl=fr,Nothing,1970-01-01,,,
Morocco,Nador,Banque Populaire,Not available,"53Hg+Fvc, Bd Mohamed Ameziane Errifi, Nador",not available,Mohamed Nador,4,Berger,2016-08-08 13:33:26.024519,0,https://www.google.com/maps/contrib/116574615766238915785/reviews?hl=fr,Nothing,1970-01-01,,,
Morocco,Nador,Banque Populaire,Not available,"53Hg+Fvc, Bd Mohamed Ameziane Errifi, Nador",not available,Hafaimya,3,Exp√©rience neutre,2021-08-07 13:33:26.024534,0,https://www.google.com/maps/contrib/102770375434729674081/reviews?hl=fr,Nothing,1970-01-01,,,
Morocco,Nador,Banque Populaire,Not available,"53Hg+Fvc, Bd Mohamed Ameziane Errifi, Nador",not available,Imad Charkani El-Hassani,1,Tr√®s mauvaise exp√©rience,2018-08-08 13:33:26.024547,0,https://www.google.com/maps/contrib/102976064399871722332/reviews?hl=fr,Nothing,1970-01-01,,,
Morocco,Nador,Banque Populaire,Not available,"53Hg+Fvc, Bd Mohamed Ameziane Errifi, Nador",not available,Abdelkarim Ajarray,3,Exp√©rience neutre,2017-08-08 13:33:26.024559,0,https://www.google.com/maps/contrib/115869366782603734197/reviews?hl=fr,Nothing,1970-01-01,,,
Morocco,Nador,Banque Populaire,Not available,"53Hg+Fvc, Bd Mohamed Ameziane Errifi, Nador",not available,Rachid Amhamdi,5,Tr√®s bonne exp√©rience,2016-08-08 13:33:26.024571,0,https://www.google.com/maps/contrib/107748426630269581215/reviews?hl=fr,Nothing,1970-01-01,,,
Morocco,Nador,Banque Populaire,Not available,"53Hg+Fvc, Bd Mohamed Ameziane Errifi, Nador",not available,Mohmd Mohmd,3,Exp√©rience neutre,2016-08-08 13:33:26.024582,0,https://www.google.com/maps/contrib/114651086000753779136/reviews?hl=fr,Nothing,1970-01-01,,,
Morocco,Nador,Banque Populaire,Not available,"5369+5Jp, Bd De Taouima, Nador",not available,Jamal Ei Idrissi,5,"J'ai eu l'honneur d'√™tre accueilli chaleureusement par le pr√©sident  de la BP Nador Al Hociema et son proche collaborateur , au cours  de notre entretien,  j'ai d√©couvert une personnalit√© tr√®s averti, dynamique, pragmatique, et ‚Ä¶",1970-01-01 00:00:00.000000,1,https://www.google.com/maps/contrib/103386501025622509220/reviews?hl=fr,Nothing,1970-01-01,,,
Morocco,Nador,Banque Populaire,Not available,"5369+5Jp, Bd De Taouima, Nador",not available,Abdelaziz Bousnina,5,Si√®ge de la banque populaire  Nador Al hoceima.,2018-08-08 13:33:26.024606,4,https://www.google.com/maps/contrib/117576323430006211311/reviews?hl=fr,Nothing,1970-01-01,,,
Morocco,Nador,Banque Populaire,Not available,"5369+5Jp, Bd De Taouima, Nador",not available,Shaft Chaf,5,Bon accueil et professionnel,1970-01-01 00:00:00.000000,0,https://www.google.com/maps/contrib/109104395349543094441/reviews?hl=fr,Nothing,1970-01-01,,,
Morocco,Nador,Banque Populaire,Not available,"5369+5Jp, Bd De Taouima, Nador",not available,Selouane Inou,5,Accueil chaleureux bon service,2021-08-07 13:33:26.024623,0,https://www.google.com/maps/contrib/109755868595767795617/reviews?hl=fr,Nothing,1970-01-01,,,
Morocco,Nador,Banque Populaire,Not available,"5369+5Jp, Bd De Taouima, Nador",not available,Maou Samo,1,"Certains employ√©s de cette agence sont arrogants, notamment la dame en charge de l'assurance transport des morts (middle office). L'ann√©e prochaine, je d√©m√©nagerai dans une meilleure banque, si Dieu le veut",2021-08-07 13:33:26.024635,4,https://www.google.com/maps/contrib/118422503679896162103/reviews?hl=fr,Nothing,1970-01-01,,,
Morocco,Nador,Banque Populaire,Not available,"5369+5Jp, Bd De Taouima, Nador",not available,M T,1,"Je ne suis jamais entr√© dans une banque aussi hostile.
Personnel comme dans la rue
Tr√®s d√©√ßu.",2022-08-07 13:33:26.024649,4,https://www.google.com/maps/contrib/104465756348136907477/reviews?hl=fr,Nothing,1970-01-01,,,
Morocco,Nador,Banque Populaire,Not available,"5369+5Jp, Bd De Taouima, Nador",not available,Hi Khan,4,Cool. üëçüîê ‚Ä¶,2018-08-08 13:33:26.024660,2,https://www.google.com/maps/contrib/102261285040086370962/reviews?hl=fr,Nothing,1970-01-01,,,
Morocco,Nador,Banque Populaire,Not available,"5369+5Jp, Bd De Taouima, Nador",not available,Teck Professional,5,Meilleure banque,2019-08-08 13:33:26.024670,2,https://www.google.com/maps/contrib/116964988482990180907/reviews?hl=fr,Nothing,1970-01-01,,,
Morocco,Nador,Banque Populaire,Not available,"5369+5Jp, Bd De Taouima, Nador",not available,Mohamed Adghir,4,√™tre,2021-08-07 13:33:26.024680,0,https://www.google.com/maps/contrib/108627726101357746070/reviews?hl=fr,Nothing,1970-01-01,,,
Morocco,Nador,Banque Populaire,Not available,"5369+5Jp, Bd De Taouima, Nador",not available,Ahmed Badi,4,Bonne exp√©rience,2022-08-07 13:33:26.024691,0,https://www.google.com/maps/contrib/110619189882584298593/reviews?hl=fr,Nothing,1970-01-01,,,
Morocco,Nador,Banque Populaire,Not available,"5369+5Jp, Bd De Taouima, Nador",not available,Elamrani El Houssaine,5,Tr√®s bonne exp√©rience,2017-08-08 13:33:26.024701,0,https://www.google.com/maps/contrib/103522688519608349168/reviews?hl=fr,Nothing,1970-01-01,,,
Morocco,Nador,Banque Populaire,Not available,"5369+5Jp, Bd De Taouima, Nador",not available,Abdelkarim Ajarray,5,Tr√®s bonne exp√©rience,2016-08-08 13:33:26.024712,0,https://www.google.com/maps/contrib/115869366782603734197/reviews?hl=fr,Nothing,1970-01-01,,,
Morocco,Nador,Banque Populaire,Not available,"53Gc+Vxp, Rue El Araiche, Nador",not available,Afric Archi,3,Exp√©rience neutre,2021-08-07 13:33:26.024721,0,https://www.google.com/maps/contrib/111049941011491922332/reviews?hl=fr,Nothing,1970-01-01,,,
Morocco,Nador,Umnia Bank Nador Bab Europa,05363-29370,"Angle Rue El Araich Et, Rue Marrakech, Nador 62000",https://www.umniabank.ma/,Hossain Boukidar,5,Tr√®s bonne exp√©rience,2020-08-07 13:33:26.024732,0,https://www.google.com/maps/contrib/105526501193805584574/reviews?hl=fr,,1970-01-01,,,
Morocco,Nador,Banque Populaire,Not available,"Ctre R√©gional D'Investissement De Nador, Rue Ligue Arabe, Q, Nador",not available,Just A Stranger,1,Tr√®s mauvaise exp√©rience,2024-08-06 12:55:26.024745,0,https://www.google.com/maps/contrib/109540631835932343416/reviews?hl=fr,Nothing,1970-01-01,,,
Morocco,Nador,Banque Populaire,Not available,"Ctre R√©gional D'Investissement De Nador, Rue Ligue Arabe, Q, Nador",not available,Afric Archi,3,Exp√©rience neutre,2021-08-07 13:33:26.024758,0,https://www.google.com/maps/contrib/111049941011491922332/reviews?hl=fr,Nothing,1970-01-01,,,
Morocco,Nador,Banque Centrale Populaire,05363-31622,"113 Boulevard El Massira, Nador",not available,Tonton Solo,3,Banque et service normal.,2019-08-08 13:33:26.024769,0,https://www.google.com/maps/contrib/105209628920223304591/reviews?hl=fr,Nothing,1970-01-01,,,
Morocco,Nador,Banque Centrale Populaire,05363-31622,"113 Boulevard El Massira, Nador",not available,Rachid El Maghfour,5,Banque populaire du nador,2017-08-08 13:33:26.024779,0,https://www.google.com/maps/contrib/117718847032721075265/reviews?hl=fr,Nothing,1970-01-01,,,
Morocco,Nador,Banque Centrale Populaire,05363-31622,"113 Boulevard El Massira, Nador",not available,Med Rrif,3,Bien,2019-08-08 13:33:26.024789,0,https://www.google.com/maps/contrib/107062281293535314306/reviews?hl=fr,Nothing,1970-01-01,,,
Morocco,Nador,Banque Centrale Populaire,05363-31622,"113 Boulevard El Massira, Nador",not available,Rjkrk Kfkdk,1,Non,2022-08-07 13:33:26.024799,0,https://www.google.com/maps/contrib/115645984840256255585/reviews?hl=fr,Nothing,1970-01-01,,,
Morocco,Nador,Banque Centrale Populaire,05363-31622,"113 Boulevard El Massira, Nador",not available,Mokhtar Taxi,5,Tr√®s bonne exp√©rience,2024-01-09 13:33:26.024810,0,https://www.google.com/maps/contrib/109525672193676090370/reviews?hl=fr,Nothing,1970-01-01,,,
Morocco,Nador,Banque Centrale Populaire,05363-31622,"113 Boulevard El Massira, Nador",not available,Afric Archi,3,Exp√©rience neutre,2020-08-07 13:33:26.024821,0,https://www.google.com/maps/contrib/111049941011491922332/reviews?hl=fr,Nothing,1970-01-01,,,
Morocco,Nador,Banque Centrale Populaire,05363-31622,"113 Boulevard El Massira, Nador",not available,Aziz Mohamed,3,Exp√©rience neutre,2020-08-07 13:33:26.024831,0,https://www.google.com/maps/contrib/105010862195729280288/reviews?hl=fr,Nothing,1970-01-01,,,
Morocco,Nador,Banque Populaire,Not available,"536G+Xjx, Nador",not available,Abdelaziz Bousnina,5,Bonne √©quipe,2018-08-08 13:33:26.024841,1,https://www.google.com/maps/contrib/117576323430006211311/reviews?hl=fr,Nothing,1970-01-01,,,
Morocco,Nador,Banque Populaire,Not available,"536G+Xjx, Nador",not available,Quque Quque,4,C'est une banque de quartier,2021-08-07 13:33:26.024851,0,https://www.google.com/maps/contrib/105967379577902634834/reviews?hl=fr,Nothing,1970-01-01,,,
Morocco,Nador,Banque Populaire,Not available,"536G+Xjx, Nador",not available,Ali Talla,1,Tr√®s mauvaise exp√©rience,2016-08-08 13:33:26.024861,0,https://www.google.com/maps/contrib/102692933996515996983/reviews?hl=fr,Nothing,1970-01-01,,,
Morocco,Nador,Banque Populaire,Not available,"536G+Xjx, Nador",not available,Mohamed Lm,5,Tr√®s bonne exp√©rience,2016-08-08 13:33:26.024871,0,https://www.google.com/maps/contrib/110838560602587241189/reviews?hl=fr,Nothing,1970-01-01,,,
Morocco,Nador,Banque Populaire,Not available,"5397+6Jj, Rue 59, Nador",not available,Afric Archi,3,Exp√©rience neutre,2020-08-07 13:33:26.024881,0,https://www.google.com/maps/contrib/111049941011491922332/reviews?hl=fr,Nothing,1970-01-01,,,
Morocco,Nador,Bank Of Africa,05363-29130,"536C+Rmj, Av. Al Massira, Nador 62010",not available,Abdelaziz Bousnina,5,Bonne equipe.,2017-08-08 13:33:26.024892,1,https://www.google.com/maps/contrib/117576323430006211311/reviews?hl=fr,Nothing,1970-01-01,,,
Morocco,Nador,Bank Of Africa,05363-29130,"536C+Rmj, Av. Al Massira, Nador 62010",not available,Soumia Channel,4,Bonne exp√©rience,2021-08-07 13:33:26.024902,0,https://www.google.com/maps/contrib/114550286471201143933/reviews?hl=fr,Nothing,1970-01-01,,,
Morocco,Nador,Bank Of Africa,05363-29130,"536C+Rmj, Av. Al Massira, Nador 62010",not available,Yassin Be,1,Tr√®s mauvaise exp√©rience,2019-08-08 13:33:26.024912,0,https://www.google.com/maps/contrib/110272181090339631267/reviews?hl=fr,Nothing,1970-01-01,,,
Morocco,Nador,Bank Of Africa,05363-29130,"536C+Rmj, Av. Al Massira, Nador 62010",not available,Abderrahim Aousti,1,Tr√®s mauvaise exp√©rience,2019-08-08 13:33:26.024923,0,https://www.google.com/maps/contrib/110589237800674529937/reviews?hl=fr,Nothing,1970-01-01,,,
Morocco,Nador,Bank Of Africa,05363-29130,"536C+Rmj, Av. Al Massira, Nador 62010",not available,Mohamed Belaarbi,5,Tr√®s bonne exp√©rience,2018-08-08 13:33:26.024933,0,https://www.google.com/maps/contrib/103626579778347108824/reviews?hl=fr,Nothing,1970-01-01,,,
Morocco,Nador,Cr√©dit Agricole Du Maroc,Not available,"537C+Cg3, Ave Massira, Nador 62010",not available,Lou,5,Tr√®s bonne exp√©rience,2020-08-07 13:33:26.024943,0,https://www.google.com/maps/contrib/100693198321561372257/reviews?hl=fr,Nothing,1970-01-01,,,
Morocco,Nador,Banque Populaire Almassira,05363-31622,"53Cc+Qjr, Ave Massira, Nador",not available,Abderrahim Elbaghdadi,5,Des gens biens,2023-11-10 13:33:26.024954,0,https://www.google.com/maps/contrib/100910285988443129572/reviews?hl=fr,Nothing,1970-01-01,,,
Morocco,Nador,Banque Populaire Almassira,05363-31622,"53Cc+Qjr, Ave Massira, Nador",not available,Mohamed Elidrissi,4,Comme les autres banques,2019-08-08 13:33:26.024964,1,https://www.google.com/maps/contrib/112624694019427775207/reviews?hl=fr,Nothing,1970-01-01,,,
Morocco,Nador,Banque Populaire Almassira,05363-31622,"53Cc+Qjr, Ave Massira, Nador",not available,Fath Atouil,1,Tr√®s mauvaise exp√©rience,2024-05-08 13:33:26.024974,0,https://www.google.com/maps/contrib/104117020462582950045/reviews?hl=fr,Nothing,1970-01-01,,,
Morocco,Nador,Banque Populaire Almassira,05363-31622,"53Cc+Qjr, Ave Massira, Nador",not available,Younes Lhmaimo,1,Tr√®s mauvaise exp√©rience,2019-08-08 13:33:26.024985,0,https://www.google.com/maps/contrib/107247709727607930162/reviews?hl=fr,Nothing,1970-01-01,,,
Morocco,Nador,Banque Populaire Almassira,05363-31622,"53Cc+Qjr, Ave Massira, Nador",not available,Ikii Ikram,2,"('Mauvaise exp√©rience',)",2018-08-08 13:33:26.024995,0,https://www.google.com/maps/contrib/109365854898086915731/reviews?hl=fr,Nothing,1970-01-01,,,
Morocco,Nador,Banque Populaire Almassira,05363-31622,"53Cc+Qjr, Ave Massira, Nador",not available,Abdelkarim Ajarray,4,Bonne exp√©rience,2016-08-08 13:33:26.025005,0,https://www.google.com/maps/contrib/115869366782603734197/reviews?hl=fr,Nothing,1970-01-01,,,
Morocco,Nador,Banque Populaire Almassira,05363-31622,"53Cc+Qjr, Ave Massira, Nador",not available,Simo Fes,1,Tr√®s mauvaise exp√©rience,2016-08-08 13:33:26.025015,0,https://www.google.com/maps/contrib/117498340450599628207/reviews?hl=fr,Nothing,1970-01-01,,,
Morocco,Nador,Attijariwafa Bank,Not available,"53Hh+Q5W, Rue Marrakech, Nador",not available,Chtatou Azzedine,5,C'est une agence tr√®s magnifique Et tr√®s r√©actif chapeau pour l √©quipe  bonne continuation,1970-01-01 00:00:00.000000,0,https://www.google.com/maps/contrib/107948183094361435981/reviews?hl=fr,Nothing,1970-01-01,,,
Morocco,Nador,Attijariwafa Bank,Not available,"53Hh+Q5W, Rue Marrakech, Nador",not available,Mohamed K,1,Si vous n'√™tes pas r√©sident au Maroc c'est tr√®s gal√®re pour retirer de l'argent de son propre compte bancaire...,2018-08-08 13:33:26.025028,0,https://www.google.com/maps/contrib/109649967758956428695/reviews?hl=fr,Nothing,1970-01-01,,,
Morocco,Nador,Attijariwafa Bank,Not available,"53Hh+Q5W, Rue Marrakech, Nador",not available,Mimoun Elƒ∫,5,Que Dieu b√©nisse,2023-11-10 13:33:26.025038,0,https://www.google.com/maps/contrib/111821367724629369940/reviews?hl=fr,Nothing,1970-01-01,,,
Morocco,Nador,Attijariwafa Bank,Not available,"53Hh+Q5W, Rue Marrakech, Nador",not available,Belg Ma,5,Service haut de gamme,2022-08-07 13:33:26.025048,0,https://www.google.com/maps/contrib/103931736288765110269/reviews?hl=fr,Nothing,1970-01-01,,,
Morocco,Nador,Credit Immobilier Et Hotelier Agence Nador Ligue A (Cih Standard),05363-32879,"Rue Ligue Arabe Quartier Centre Ville, Nador, Nador 62000",not available,Ahmed Akachar,5,Banque Dima Resayx huit,1970-01-01 00:00:00.000000,0,https://www.google.com/maps/contrib/103127831439382072663/reviews?hl=fr,Nothing,1970-01-01,,,
Morocco,Nador,Credit Immobilier Et Hotelier Agence Nador Ligue A (Cih Standard),05363-32879,"Rue Ligue Arabe Quartier Centre Ville, Nador, Nador 62000",not available,Fettah Fettah,5,"Parce que oui
Merci",2017-08-08 13:33:26.025061,0,https://www.google.com/maps/contrib/105039201282000720003/reviews?hl=fr,Nothing,1970-01-01,,,
Morocco,Nador,Credit Immobilier Et Hotelier Agence Nador Ligue A (Cih Standard),05363-32879,"Rue Ligue Arabe Quartier Centre Ville, Nador, Nador 62000",not available,Zakaria Talhaoui,4,Bonne exp√©rience,2018-08-08 13:33:26.025071,0,https://www.google.com/maps/contrib/106386943327007090928/reviews?hl=fr,Nothing,1970-01-01,,,
Morocco,Nador,Soci√©t√© G√©n√©rale Nador Principale,05224-24242,"131 Ave Des Far, Nador 62000",https://www.sgmaroc.com/,Salif Hamza,1,"Imcompetence
Aucun engagement
Je sais pas si y a quelqu‚Äôun qui controle ces gens la ou pas . ‚Ä¶",1970-01-01 00:00:00.000000,0,https://www.google.com/maps/contrib/112626665022844955464/reviews?hl=fr,Nothing,1970-01-01,,,
Morocco,Nador,Soci√©t√© G√©n√©rale Nador Principale,05224-24242,"131 Ave Des Far, Nador 62000",https://www.sgmaroc.com/,Souad Baud,1,A√Øe incomp√©tence c‚Äôest le seul mot qui me vienne,2022-08-07 13:33:26.025084,0,https://www.google.com/maps/contrib/108450521603663159039/reviews?hl=fr,Nothing,1970-01-01,,,
Morocco,Nador,Soci√©t√© G√©n√©rale Nador Principale,05224-24242,"131 Ave Des Far, Nador 62000",https://www.sgmaroc.com/,Yassine Elbo,4,Bonne exp√©rience,2018-08-08 13:33:26.025094,0,https://www.google.com/maps/contrib/110553692029950814585/reviews?hl=fr,Nothing,1970-01-01,,,
Morocco,Nador,Bank Of Africa,05363-29120,"53Cj+32W, Nador",not available,Abdelaziz Bousnina,5,Une √©quipe tr√®s serviable et professionnelle.,2018-08-08 13:33:26.025104,2,https://www.google.com/maps/contrib/117576323430006211311/reviews?hl=fr,Nothing,1970-01-01,,,
Morocco,Nador,Bank Of Africa,05363-29120,"53Cj+32W, Nador",not available,Taoufik Azirar,5,Merci pour le changement de direction j'aime bien,2022-08-07 13:33:26.025114,1,https://www.google.com/maps/contrib/109017998053793056296/reviews?hl=fr,Nothing,1970-01-01,,,
Morocco,Nador,Bank Of Africa,05363-29120,"53Cj+32W, Nador",not available,ÿ™ÿßÿ¨ ÿßŸÑŸÖÿπÿ±ŸÅÿ©,5,Bonne agence ... une √©quipe professionnels.....,2020-08-07 13:33:26.025123,0,https://www.google.com/maps/contrib/117072080598085493244/reviews?hl=fr,Nothing,1970-01-01,,,
Morocco,Nador,Bank Of Africa,05363-29120,"53Cj+32W, Nador",not available,Mohammed Elherrif,1,toujours je t√©l√©phone pas r√©pondre .,2019-08-08 13:33:26.025133,0,https://www.google.com/maps/contrib/111065781523588715833/reviews?hl=fr,Nothing,1970-01-01,,,
Morocco,Nador,Bank Of Africa,05363-29120,"53Cj+32W, Nador",not available,Slymn Nacr,1,Tr√®s mauvaise exp√©rience,2019-08-08 13:33:26.025143,0,https://www.google.com/maps/contrib/112441985671601057125/reviews?hl=fr,Nothing,1970-01-01,,,
Morocco,Nador,Bank Of Africa,05363-29120,"53Cj+32W, Nador",not available,Nador Nador,5,Tr√®s bonne exp√©rience,2018-08-08 13:33:26.025153,0,https://www.google.com/maps/contrib/105013643919912486734/reviews?hl=fr,Nothing,1970-01-01,,,
Morocco,Nador,Agence Banque Populaire,Not available,"5379+W8X, Av. Hassan I, Nador",not available,Blue Nador,1,"C'est la pire agence, toujours pas de la ligne de connexion, les menteurs ....",2024-04-08 13:33:26.025164,0,https://www.google.com/maps/contrib/103179936997991557377/reviews?hl=fr,Nothing,1970-01-01,,,
Morocco,Nador,Agence Banque Populaire,Not available,"5379+W8X, Av. Hassan I, Nador",not available,M.K.V. 01,4,Bien,2018-08-08 13:33:26.025174,8,https://www.google.com/maps/contrib/114676560897864775737/reviews?hl=fr,Nothing,1970-01-01,,,
Morocco,Nador,Agence Banque Populaire,Not available,"5379+W8X, Av. Hassan I, Nador",not available,Leon Gutenberger,5,Tr√®s bonne exp√©rience,1970-01-01 00:00:00.000000,0,https://www.google.com/maps/contrib/117906566314778105183/reviews?hl=fr,Nothing,1970-01-01,,,
Morocco,Nador,Agence Banque Populaire,Not available,"5379+W8X, Av. Hassan I, Nador",not available,Nabila Himmi,2,"('Mauvaise exp√©rience',)",2019-08-08 13:33:26.025187,0,https://www.google.com/maps/contrib/100125223948661690982/reviews?hl=fr,Nothing,1970-01-01,,,
Morocco,Nador,Agence Banque Populaire,Not available,"5379+W8X, Av. Hassan I, Nador",not available,Maha Mek„Ç∑,5,Tr√®s bonne exp√©rience,2017-08-08 13:33:26.025197,0,https://www.google.com/maps/contrib/116935338378679564323/reviews?hl=fr,Nothing,1970-01-01,,,
Morocco,Nador,Cam Bd Hassan Ii,Not available,"53Hg+653, Rue Marrakech, Nador",not available,Septio Hadi Saputra,5,Chaisya rien,2024-01-09 13:33:26.025207,0,https://www.google.com/maps/contrib/105095074375598847881/reviews?hl=fr,Nothing,1970-01-01,,,
Morocco,Nador,Bmce - Centre Ville,Not available,"53Hf+C35, Av. Mly Smail, Nador",not available,Rosi Ak,1,"Prestation : 0
Solutions¬†: 0
Attention¬†: 0",2024-07-23 13:33:26.025219,1,https://www.google.com/maps/contrib/110055179935465255193/reviews?hl=fr,Nothing,1970-01-01,,,
Morocco,Nador,Bmce - Centre Ville,Not available,"53Hf+C35, Av. Mly Smail, Nador",not available,Mohamed Elmardi,4,"Tr√®s bien situ√©, personnel excellent. Il y a parfois des probl√®mes sur Internet",1970-01-01 00:00:00.000000,0,https://www.google.com/maps/contrib/115235254691680946859/reviews?hl=fr,Nothing,1970-01-01,,,
Morocco,Nador,Bmce - Centre Ville,Not available,"53Hf+C35, Av. Mly Smail, Nador",not available,Anisso Bouazzati,1,service 0,1970-01-01 00:00:00.000000,1,https://www.google.com/maps/contrib/108925286392862974080/reviews?hl=fr,Nothing,1970-01-01,,,
Morocco,Nador,Banque Populaire,Not available,"53Hg+Fvc, Bd Mohamed Ameziane Errifi, Nador",not available,Habib Chouaa,5,Pays Ahsan,2016-08-08 13:33:26.024489,0,https://www.google.com/maps/contrib/100694828163015130573/reviews?hl=fr,Nothing,1970-01-01,s√©curit√©,Negative,['vulnerabilit√© de donn√©es']
Morocco,Nador,Banque Populaire,Not available,"53Hg+Fvc, Bd Mohamed Ameziane Errifi, Nador",not available,Habib Chouaa,5,Pays Ahsan,2016-08-08 13:33:26.024489,0,https://www.google.com/maps/contrib/100694828163015130573/reviews?hl=fr,Nothing,1970-01-01,exp√©rience utilisateur,Negative,['interface utilisateur incoh√©rente']
Morocco,Nador,Banque Populaire,Not available,"53Hg+Fvc, Bd Mohamed Ameziane Errifi, Nador",not available,Mohamed Nador,4,Berger,2016-08-08 13:33:26.024519,0,https://www.google.com/maps/contrib/116574615766238915785/reviews?hl=fr,Nothing,1970-01-01,Localisation et accessibilit√©,Negative,['√âloign√©e de chez moi']
Morocco,Nador,Banque Populaire,Not available,"53Hg+Fvc, Bd Mohamed Ameziane Errifi, Nador",not available,Mohamed Nador,4,Berger,2016-08-08 13:33:26.024519,0,https://www.google.com/maps/contrib/116574615766238915785/reviews?hl=fr,Nothing,1970-01-01,Satisfaction client,Negative,"[""Ne m'a pas aid√© √† r√©soudre mon probl√®me""]"
Morocco,Nador,Banque Populaire,Not available,"53Hg+Fvc, Bd Mohamed Ameziane Errifi, Nador",not available,Mohamed Nador,4,Berger,2016-08-08 13:33:26.024519,0,https://www.google.com/maps/contrib/116574615766238915785/reviews?hl=fr,Nothing,1970-01-01,Comp√©tence du personnel,Negative,['Le repr√©sentant √©tait irrespectueux']
Morocco,Nador,Banque Populaire,Not available,"53Hg+Fvc, Bd Mohamed Ameziane Errifi, Nador",not available,Mohamed Nador,4,Berger,2016-08-08 13:33:26.024519,0,https://www.google.com/maps/contrib/116574615766238915785/reviews?hl=fr,Nothing,1970-01-01,Services additionnels,Positive,"[""M'ont propos√© un programme de fid√©lit√©""]"
Morocco,Nador,Banque Populaire,Not available,"53Hg+Fvc, Bd Mohamed Ameziane Errifi, Nador",not available,Imad Charkani El-Hassani,1,Tr√®s mauvaise exp√©rience,2018-08-08 13:33:26.024547,0,https://www.google.com/maps/contrib/102976064399871722332/reviews?hl=fr,Nothing,1970-01-01,Temps d'attente,Negative,['lent']
Morocco,Nador,Banque Populaire,Not available,"53Hg+Fvc, Bd Mohamed Ameziane Errifi, Nador",not available,Abdelkarim Ajarray,3,Exp√©rience neutre,2017-08-08 13:33:26.024559,0,https://www.google.com/maps/contrib/115869366782603734197/reviews?hl=fr,Nothing,1970-01-01,Service client,Neutral,"['r√©ponse rapide', 'pas vraiment satisfait ou d√©sappoint√©']"
Morocco,Nador,Banque Populaire,Not available,"53Hg+Fvc, Bd Mohamed Ameziane Errifi, Nador",not available,Abdelkarim Ajarray,3,Exp√©rience neutre,2017-08-08 13:33:26.024559,0,https://www.google.com/maps/contrib/115869366782603734197/reviews?hl=fr,Nothing,1970-01-01,Gestion des comptes,Neutral,"['fonctionne correctement', 'aucune satisfaction ni frustration particuli√®res']"
Morocco,Nador,Banque Populaire,Not available,"53Hg+Fvc, Bd Mohamed Ameziane Errifi, Nador",not available,Abdelkarim Ajarray,3,Exp√©rience neutre,2017-08-08 13:33:26.024559,0,https://www.google.com/maps/contrib/115869366782603734197/reviews?hl=fr,Nothing,1970-01-01,Exp√©rience utilisateur,Neutral,"['utilisation acceptable', ""pas d'√©motions notables""]"
Morocco,Nador,Banque Populaire,Not available,"53Hg+Fvc, Bd Mohamed Ameziane Errifi, Nador",not available,Rachid Amhamdi,5,Tr√®s bonne exp√©rience,2016-08-08 13:33:26.024571,0,https://www.google.com/maps/contrib/107748426630269581215/reviews?hl=fr,Nothing,1970-01-01,Satisfaction client,Positive,['Tr√®s bonne exp√©rience']
Morocco,Nador,Banque Populaire,Not available,"53Hg+Fvc, Bd Mohamed Ameziane Errifi, Nador",not available,Mohmd Mohmd,3,Exp√©rience neutre,2016-08-08 13:33:26.024582,0,https://www.google.com/maps/contrib/114651086000753779136/reviews?hl=fr,Nothing,1970-01-01,Temps d'attente,Neutral,"['pas terrible', 'pas si mauvais']"
Morocco,Nador,Banque Populaire,Not available,"53Hg+Fvc, Bd Mohamed Ameziane Errifi, Nador",not available,Mohmd Mohmd,3,Exp√©rience neutre,2016-08-08 13:33:26.024582,0,https://www.google.com/maps/contrib/114651086000753779136/reviews?hl=fr,Nothing,1970-01-01,S√©curit√©,Neutral,"['suffisante', 'pas super']"
Morocco,Nador,Banque Populaire,Not available,"5369+5Jp, Bd De Taouima, Nador",not available,Jamal Ei Idrissi,5,"J'ai eu l'honneur d'√™tre accueilli chaleureusement par le pr√©sident  de la BP Nador Al Hociema et son proche collaborateur , au cours  de notre entretien,  j'ai d√©couvert une personnalit√© tr√®s averti, dynamique, pragmatique, et ‚Ä¶",1970-01-01 00:00:00.000000,1,https://www.google.com/maps/contrib/103386501025622509220/reviews?hl=fr,Nothing,1970-01-01,accueil,Positive,['chaleureux']
Morocco,Nador,Banque Populaire,Not available,"5369+5Jp, Bd De Taouima, Nador",not available,Jamal Ei Idrissi,5,"J'ai eu l'honneur d'√™tre accueilli chaleureusement par le pr√©sident  de la BP Nador Al Hociema et son proche collaborateur , au cours  de notre entretien,  j'ai d√©couvert une personnalit√© tr√®s averti, dynamique, pragmatique, et ‚Ä¶",1970-01-01 00:00:00.000000,1,https://www.google.com/maps/contrib/103386501025622509220/reviews?hl=fr,Nothing,1970-01-01,personnalit√©,Positive,"['averti', 'dynamique', 'pragmatique']"
Morocco,Nador,Banque Populaire,Not available,"5369+5Jp, Bd De Taouima, Nador",not available,Abdelaziz Bousnina,5,Si√®ge de la banque populaire  Nador Al hoceima.,2018-08-08 13:33:26.024606,4,https://www.google.com/maps/contrib/117576323430006211311/reviews?hl=fr,Nothing,1970-01-01,Service client,Negative,['d√©lai de r√©ponse long']
Morocco,Nador,Banque Populaire,Not available,"5369+5Jp, Bd De Taouima, Nador",not available,Abdelaziz Bousnina,5,Si√®ge de la banque populaire  Nador Al hoceima.,2018-08-08 13:33:26.024606,4,https://www.google.com/maps/contrib/117576323430006211311/reviews?hl=fr,Nothing,1970-01-01,Localisation et accessibilit√©,Positive,['proximit√©']
Morocco,Nador,Banque Populaire,Not available,"5369+5Jp, Bd De Taouima, Nador",not available,Abdelaziz Bousnina,5,Si√®ge de la banque populaire  Nador Al hoceima.,2018-08-08 13:33:26.024606,4,https://www.google.com/maps/contrib/117576323430006211311/reviews?hl=fr,Nothing,1970-01-01,Services additionnels,Neutral,['pr√©sence de services suppl√©mentaires']
Morocco,Nador,Banque Populaire,Not available,"5369+5Jp, Bd De Taouima, Nador",not available,Shaft Chaf,5,Bon accueil et professionnel,1970-01-01 00:00:00.000000,0,https://www.google.com/maps/contrib/109104395349543094441/reviews?hl=fr,Nothing,1970-01-01,Service client√®le,Positive,['r√©cussite dans la r√©solution de probl√®me']
Morocco,Nador,Banque Populaire,Not available,"5369+5Jp, Bd De Taouima, Nador",not available,Selouane Inou,5,Accueil chaleureux bon service,2021-08-07 13:33:26.024623,0,https://www.google.com/maps/contrib/109755868595767795617/reviews?hl=fr,Nothing,1970-01-01,accueil chaleureux,Positive,['bon service']
Morocco,Nador,Banque Populaire,Not available,"5369+5Jp, Bd De Taouima, Nador",not available,Maou Samo,1,"Certains employ√©s de cette agence sont arrogants, notamment la dame en charge de l'assurance transport des morts (middle office). L'ann√©e prochaine, je d√©m√©nagerai dans une meilleure banque, si Dieu le veut",2021-08-07 13:33:26.024635,4,https://www.google.com/maps/contrib/118422503679896162103/reviews?hl=fr,Nothing,1970-01-01,Service client,Negative,"['arrogants', 'pauvre service']"
Morocco,Nador,Banque Populaire,Not available,"5369+5Jp, Bd De Taouima, Nador",not available,M T,1,"Je ne suis jamais entr√© dans une banque aussi hostile.
Personnel comme dans la rue
Tr√®s d√©√ßu.",2022-08-07 13:33:26.024649,4,https://www.google.com/maps/contrib/104465756348136907477/reviews?hl=fr,Nothing,1970-01-01,hostilit√© du personnel,Negative,['d√©√ßu']
Morocco,Nador,Banque Populaire,Not available,"5369+5Jp, Bd De Taouima, Nador",not available,Hi Khan,4,Cool. üëçüîê ‚Ä¶,2018-08-08 13:33:26.024660,2,https://www.google.com/maps/contrib/102261285040086370962/reviews?hl=fr,Nothing,1970-01-01,Service client,Positive,['R√©actif']
Morocco,Nador,Banque Populaire,Not available,"5369+5Jp, Bd De Taouima, Nador",not available,Hi Khan,4,Cool. üëçüîê ‚Ä¶,2018-08-08 13:33:26.024660,2,https://www.google.com/maps/contrib/102261285040086370962/reviews?hl=fr,Nothing,1970-01-01,R√©solution de probl√®me rapide,Positive,[]
Morocco,Nador,Banque Populaire,Not available,"5369+5Jp, Bd De Taouima, Nador",not available,Hi Khan,4,Cool. üëçüîê ‚Ä¶,2018-08-08 13:33:26.024660,2,https://www.google.com/maps/contrib/102261285040086370962/reviews?hl=fr,Nothing,1970-01-01,Satisfaction g√©n√©rale,Positive,['Tr√®s satisfait']
Morocco,Nador,Banque Populaire,Not available,"5369+5Jp, Bd De Taouima, Nador",not available,Teck Professional,5,Meilleure banque,2019-08-08 13:33:26.024670,2,https://www.google.com/maps/contrib/116964988482990180907/reviews?hl=fr,Nothing,1970-01-01,Service client,Positive,"['r√©actif', 'rapidit√©']"
Morocco,Nador,Banque Populaire,Not available,"5369+5Jp, Bd De Taouima, Nador",not available,Teck Professional,5,Meilleure banque,2019-08-08 13:33:26.024670,2,https://www.google.com/maps/contrib/116964988482990180907/reviews?hl=fr,Nothing,1970-01-01,Gestion des comptes,Positive,['simple']
Morocco,Nador,Banque Populaire,Not available,"5369+5Jp, Bd De Taouima, Nador",not available,Mohamed Adghir,4,√™tre,2021-08-07 13:33:26.024680,0,https://www.google.com/maps/contrib/108627726101357746070/reviews?hl=fr,Nothing,1970-01-01,Frais bancaires,Negative,"['√©lev√©s', 'compar√©s']"
Morocco,Nador,Banque Populaire,Not available,"5369+5Jp, Bd De Taouima, Nador",not available,Mohamed Adghir,4,√™tre,2021-08-07 13:33:26.024680,0,https://www.google.com/maps/contrib/108627726101357746070/reviews?hl=fr,Nothing,1970-01-01,Application mobile,Negative,"['lente', 'peu intuitive']"
Morocco,Nador,Banque Populaire,Not available,"5369+5Jp, Bd De Taouima, Nador",not available,Abdelkarim Ajarray,5,Tr√®s bonne exp√©rience,2016-08-08 13:33:26.024712,0,https://www.google.com/maps/contrib/115869366782603734197/reviews?hl=fr,Nothing,1970-01-01,Exp√©rience utilisateur,Positive,"['Rapide', 'Simple']"
Morocco,Nador,Banque Populaire,Not available,"53Gc+Vxp, Rue El Araiche, Nador",not available,Afric Archi,3,Exp√©rience neutre,2021-08-07 13:33:26.024721,0,https://www.google.com/maps/contrib/111049941011491922332/reviews?hl=fr,Nothing,1970-01-01,S√©curit√© des transactions en ligne,Neutre,['normal']
Morocco,Nador,Umnia Bank Nador Bab Europa,05363-29370,"Angle Rue El Araich Et, Rue Marrakech, Nador 62000",https://www.umniabank.ma/,Hossain Boukidar,5,Tr√®s bonne exp√©rience,2020-08-07 13:33:26.024732,0,https://www.google.com/maps/contrib/105526501193805584574/reviews?hl=fr,,1970-01-01,ouverture de compte,Positive,"['rapide', 'simple']"
Morocco,Nador,Banque Populaire,Not available,"Ctre R√©gional D'Investissement De Nador, Rue Ligue Arabe, Q, Nador",not available,Just A Stranger,1,Tr√®s mauvaise exp√©rience,2024-08-06 12:55:26.024745,0,https://www.google.com/maps/contrib/109540631835932343416/reviews?hl=fr,Nothing,1970-01-01,temps d'attente,Negative,['tr√®s mauvaise exp√©rience']
Morocco,Nador,Banque Centrale Populaire,05363-31622,"113 Boulevard El Massira, Nador",not available,Tonton Solo,3,Banque et service normal.,2019-08-08 13:33:26.024769,0,https://www.google.com/maps/contrib/105209628920223304591/reviews?hl=fr,Nothing,1970-01-01,Service client,Negative,['normal']
Morocco,Nador,Banque Centrale Populaire,05363-31622,"113 Boulevard El Massira, Nador",not available,Tonton Solo,3,Banque et service normal.,2019-08-08 13:33:26.024769,0,https://www.google.com/maps/contrib/105209628920223304591/reviews?hl=fr,Nothing,1970-01-01,Gestion des comptes,Neutral,[]
Morocco,Nador,Banque Centrale Populaire,05363-31622,"113 Boulevard El Massira, Nador",not available,Rachid El Maghfour,5,Banque populaire du nador,2017-08-08 13:33:26.024779,0,https://www.google.com/maps/contrib/117718847032721075265/reviews?hl=fr,Nothing,1970-01-01,Service client,Positive,"['r√©actif', 'rapide']"
Morocco,Nador,Banque Centrale Populaire,05363-31622,"113 Boulevard El Massira, Nador",not available,Rachid El Maghfour,5,Banque populaire du nador,2017-08-08 13:33:26.024779,0,https://www.google.com/maps/contrib/117718847032721075265/reviews?hl=fr,Nothing,1970-01-01,Frais bancaires,Negative,['√©lev√©s']
Morocco,Nador,Banque Centrale Populaire,05363-31622,"113 Boulevard El Massira, Nador",not available,Rachid El Maghfour,5,Banque populaire du nador,2017-08-08 13:33:26.024779,0,https://www.google.com/maps/contrib/117718847032721075265/reviews?hl=fr,Nothing,1970-01-01,Application mobile,Negative,"['lente', 'peu intuitive']"
Morocco,Nador,Banque Centrale Populaire,05363-31622,"113 Boulevard El Massira, Nador",not available,Med Rrif,3,Bien,2019-08-08 13:33:26.024789,0,https://www.google.com/maps/contrib/107062281293535314306/reviews?hl=fr,Nothing,1970-01-01,Facilit√© d'ouverture de compte,Positive,"['Rapide', 'Simple']"
Morocco,Nador,Banque Centrale Populaire,05363-31622,"113 Boulevard El Massira, Nador",not available,Rjkrk Kfkdk,1,Non,2022-08-07 13:33:26.024799,0,https://www.google.com/maps/contrib/115645984840256255585/reviews?hl=fr,Nothing,1970-01-01,Frais bancaires,Negative,"['√©lev√©s', ""compar√©s √† d'autres banques""]"
Morocco,Nador,Banque Centrale Populaire,05363-31622,"113 Boulevard El Massira, Nador",not available,Rjkrk Kfkdk,1,Non,2022-08-07 13:33:26.024799,0,https://www.google.com/maps/contrib/115645984840256255585/reviews?hl=fr,Nothing,1970-01-01,Application mobile,Negative,"['lente', 'peu intuitive']"
Morocco,Nador,Banque Centrale Populaire,05363-31622,"113 Boulevard El Massira, Nador",not available,Mokhtar Taxi,5,Tr√®s bonne exp√©rience,2024-01-09 13:33:26.024810,0,https://www.google.com/maps/contrib/109525672193676090370/reviews?hl=fr,Nothing,1970-01-01,exp√©rience utilisateur,Positive,"['rapide', 'simple']"
Morocco,Nador,Banque Centrale Populaire,05363-31622,"113 Boulevard El Massira, Nador",not available,Afric Archi,3,Exp√©rience neutre,2020-08-07 13:33:26.024821,0,https://www.google.com/maps/contrib/111049941011491922332/reviews?hl=fr,Nothing,1970-01-01,Service client,Neutral,"['r√©actif', 'rapidit√©']"
Morocco,Nador,Banque Centrale Populaire,05363-31622,"113 Boulevard El Massira, Nador",not available,Aziz Mohamed,3,Exp√©rience neutre,2020-08-07 13:33:26.024831,0,https://www.google.com/maps/contrib/105010862195729280288/reviews?hl=fr,Nothing,1970-01-01,Service client,Neutral,['Pas de probl√®me']
Morocco,Nador,Banque Centrale Populaire,05363-31622,"113 Boulevard El Massira, Nador",not available,Aziz Mohamed,3,Exp√©rience neutre,2020-08-07 13:33:26.024831,0,https://www.google.com/maps/contrib/105010862195729280288/reviews?hl=fr,Nothing,1970-01-01,Gestion des comptes,Neutral,['Pas de probl√®me']
Morocco,Nador,Banque Populaire,Not available,"536G+Xjx, Nador",not available,Quque Quque,4,C'est une banque de quartier,2021-08-07 13:33:26.024851,0,https://www.google.com/maps/contrib/105967379577902634834/reviews?hl=fr,Nothing,1970-01-01,Localisation et accessibilit√©,Positive,"['pr√®s de chez moi', 'facilement accessible']"
Morocco,Nador,Banque Populaire,Not available,"536G+Xjx, Nador",not available,Quque Quque,4,C'est une banque de quartier,2021-08-07 13:33:26.024851,0,https://www.google.com/maps/contrib/105967379577902634834/reviews?hl=fr,Nothing,1970-01-01,Service client,Positive,"['tr√®s accueillant', 'rapidement r√©actif']"
Morocco,Nador,Banque Populaire,Not available,"536G+Xjx, Nador",not available,Quque Quque,4,C'est une banque de quartier,2021-08-07 13:33:26.024851,0,https://www.google.com/maps/contrib/105967379577902634834/reviews?hl=fr,Nothing,1970-01-01,Gestion des comptes,Neutral,"[""je n'ai pas eu d'incidents"", 'mes informations sont √† jour']"
Morocco,Nador,Banque Populaire,Not available,"536G+Xjx, Nador",not available,Quque Quque,4,C'est une banque de quartier,2021-08-07 13:33:26.024851,0,https://www.google.com/maps/contrib/105967379577902634834/reviews?hl=fr,Nothing,1970-01-01,S√©curit√©,Positive,"['mes informations financi√®res sont s√©curis√©es', 'je suis rassur√©']"
Morocco,Nador,Banque Populaire,Not available,"536G+Xjx, Nador",not available,Ali Talla,1,Tr√®s mauvaise exp√©rience,2016-08-08 13:33:26.024861,0,https://www.google.com/maps/contrib/102692933996515996983/reviews?hl=fr,Nothing,1970-01-01,Temps d'attente,Negative,['long']
Morocco,Nador,Banque Populaire,Not available,"536G+Xjx, Nador",not available,Mohamed Lm,5,Tr√®s bonne exp√©rience,2016-08-08 13:33:26.024871,0,https://www.google.com/maps/contrib/110838560602587241189/reviews?hl=fr,Nothing,1970-01-01,service client,Positive,"['r√©actif', 'rapide']"
Morocco,Nador,Banque Populaire,Not available,"536G+Xjx, Nador",not available,Mohamed Lm,5,Tr√®s bonne exp√©rience,2016-08-08 13:33:26.024871,0,https://www.google.com/maps/contrib/110838560602587241189/reviews?hl=fr,Nothing,1970-01-01,exp√©rience utilisateur,Positive,['simple']
Morocco,Nador,Bank Of Africa,05363-29130,"536C+Rmj, Av. Al Massira, Nador 62010",not available,Abdelaziz Bousnina,5,Bonne equipe.,2017-08-08 13:33:26.024892,1,https://www.google.com/maps/contrib/117576323430006211311/reviews?hl=fr,Nothing,1970-01-01,Qualit√© des services,Positive,"['rapide', 'simple']"
Morocco,Nador,Bank Of Africa,05363-29130,"536C+Rmj, Av. Al Massira, Nador 62010",not available,Soumia Channel,4,Bonne exp√©rience,2021-08-07 13:33:26.024902,0,https://www.google.com/maps/contrib/114550286471201143933/reviews?hl=fr,Nothing,1970-01-01,satisfaction client,Positive,"['bien', 'tr√®s bon']"
Morocco,Nador,Bank Of Africa,05363-29130,"536C+Rmj, Av. Al Massira, Nador 62010",not available,Yassin Be,1,Tr√®s mauvaise exp√©rience,2019-08-08 13:33:26.024912,0,https://www.google.com/maps/contrib/110272181090339631267/reviews?hl=fr,Nothing,1970-01-01,Exp√©rience client,Negative,['Mauvaise']
Morocco,Nador,Bank Of Africa,05363-29130,"536C+Rmj, Av. Al Massira, Nador 62010",not available,Abderrahim Aousti,1,Tr√®s mauvaise exp√©rience,2019-08-08 13:33:26.024923,0,https://www.google.com/maps/contrib/110589237800674529937/reviews?hl=fr,Nothing,1970-01-01,S√©curit√©,Negative,"['vol', 's√©curit√©']"
Morocco,Nador,Bank Of Africa,05363-29130,"536C+Rmj, Av. Al Massira, Nador 62010",not available,Mohamed Belaarbi,5,Tr√®s bonne exp√©rience,2018-08-08 13:33:26.024933,0,https://www.google.com/maps/contrib/103626579778347108824/reviews?hl=fr,Nothing,1970-01-01,Exp√©rience utilisateur,Positive,"['Rapide', 'Simple']"
Morocco,Nador,Cr√©dit Agricole Du Maroc,Not available,"537C+Cg3, Ave Massira, Nador 62010",not available,Lou,5,Tr√®s bonne exp√©rience,2020-08-07 13:33:26.024943,0,https://www.google.com/maps/contrib/100693198321561372257/reviews?hl=fr,Nothing,1970-01-01,service client,Positive,"['r√©actif', 'r√©solution rapide de probl√®mes']"
Morocco,Nador,Cr√©dit Agricole Du Maroc,Not available,"537C+Cg3, Ave Massira, Nador 62010",not available,Lou,5,Tr√®s bonne exp√©rience,2020-08-07 13:33:26.024943,0,https://www.google.com/maps/contrib/100693198321561372257/reviews?hl=fr,Nothing,1970-01-01,exp√©rience utilisateur,Satisfaisante,"['rapide', 'simple']"
Morocco,Nador,Banque Populaire Almassira,05363-31622,"53Cc+Qjr, Ave Massira, Nador",not available,Abderrahim Elbaghdadi,5,Des gens biens,2023-11-10 13:33:26.024954,0,https://www.google.com/maps/contrib/100910285988443129572/reviews?hl=fr,Nothing,1970-01-01,S√©curit√©,Positive,"['Tr√®s r√©actif', 'R√©solution rapide de probl√®mes']"
Morocco,Nador,Banque Populaire Almassira,05363-31622,"53Cc+Qjr, Ave Massira, Nador",not available,Mohamed Elidrissi,4,Comme les autres banques,2019-08-08 13:33:26.024964,1,https://www.google.com/maps/contrib/112624694019427775207/reviews?hl=fr,Nothing,1970-01-01,autres banques,Negative,"['trop √©lev√©s', ""compar√©s √† d'autres""]"
Morocco,Nador,Banque Populaire Almassira,05363-31622,"53Cc+Qjr, Ave Massira, Nador",not available,Fath Atouil,1,Tr√®s mauvaise exp√©rience,2024-05-08 13:33:26.024974,0,https://www.google.com/maps/contrib/104117020462582950045/reviews?hl=fr,Nothing,1970-01-01,S√©curit√©,Negative,"['fraude', 'virements']"
Morocco,Nador,Banque Populaire Almassira,05363-31622,"53Cc+Qjr, Ave Massira, Nador",not available,Younes Lhmaimo,1,Tr√®s mauvaise exp√©rience,2019-08-08 13:33:26.024985,0,https://www.google.com/maps/contrib/107247709727607930162/reviews?hl=fr,Nothing,1970-01-01,Exp√©rience utilisateur,Negative,['Mauvaise exp√©rience']
Morocco,Nador,Banque Populaire Almassira,05363-31622,"53Cc+Qjr, Ave Massira, Nador",not available,Abdelkarim Ajarray,4,Bonne exp√©rience,2016-08-08 13:33:26.025005,0,https://www.google.com/maps/contrib/115869366782603734197/reviews?hl=fr,Nothing,1970-01-01,Bonne exp√©rience,Positive,"['rapide', 'simple']"
Morocco,Nador,Banque Populaire Almassira,05363-31622,"53Cc+Qjr, Ave Massira, Nador",not available,Simo Fes,1,Tr√®s mauvaise exp√©rience,2016-08-08 13:33:26.025015,0,https://www.google.com/maps/contrib/117498340450599628207/reviews?hl=fr,Nothing,1970-01-01,Service client,Negative,['Mauvaise exp√©rience']
Morocco,Nador,Attijariwafa Bank,Not available,"53Hh+Q5W, Rue Marrakech, Nador",not available,Chtatou Azzedine,5,C'est une agence tr√®s magnifique Et tr√®s r√©actif chapeau pour l √©quipe  bonne continuation,1970-01-01 00:00:00.000000,0,https://www.google.com/maps/contrib/107948183094361435981/reviews?hl=fr,Nothing,1970-01-01,Exp√©rience utilisateur,Positive,"['magnifique', 'r√©actif']"
Morocco,Nador,Attijariwafa Bank,Not available,"53Hh+Q5W, Rue Marrakech, Nador",not available,Mohamed K,1,Si vous n'√™tes pas r√©sident au Maroc c'est tr√®s gal√®re pour retirer de l'argent de son propre compte bancaire...,2018-08-08 13:33:26.025028,0,https://www.google.com/maps/contrib/109649967758956428695/reviews?hl=fr,Nothing,1970-01-01,localisation et accessibilit√©,Negative,['difficult√© pour les r√©sidents non marocains']
Morocco,Nador,Attijariwafa Bank,Not available,"53Hh+Q5W, Rue Marrakech, Nador",not available,Mimoun Elƒ∫,5,Que Dieu b√©nisse,2023-11-10 13:33:26.025038,0,https://www.google.com/maps/contrib/111821367724629369940/reviews?hl=fr,Nothing,1970-01-01,Service client√®le,Positive,"['R√©actif', 'Rapide']"
Morocco,Nador,Attijariwafa Bank,Not available,"53Hh+Q5W, Rue Marrakech, Nador",not available,Mimoun Elƒ∫,5,Que Dieu b√©nisse,2023-11-10 13:33:26.025038,0,https://www.google.com/maps/contrib/111821367724629369940/reviews?hl=fr,Nothing,1970-01-01,Frais bancaires,Negative,"['√âlev√©s', 'Injustes']"
Morocco,Nador,Attijariwafa Bank,Not available,"53Hh+Q5W, Rue Marrakech, Nador",not available,Belg Ma,5,Service haut de gamme,2022-08-07 13:33:26.025048,0,https://www.google.com/maps/contrib/103931736288765110269/reviews?hl=fr,Nothing,1970-01-01,Service VIP,Positive,"['haut de gamme', 'qualitatif']"
Morocco,Nador,Credit Immobilier Et Hotelier Agence Nador Ligue A (Cih Standard),05363-32879,"Rue Ligue Arabe Quartier Centre Ville, Nador, Nador 62000",not available,Ahmed Akachar,5,Banque Dima Resayx huit,1970-01-01 00:00:00.000000,0,https://www.google.com/maps/contrib/103127831439382072663/reviews?hl=fr,Nothing,1970-01-01,S√©curit√©,Negative,['Non conforme aux normes de s√©curit√©']
Morocco,Nador,Credit Immobilier Et Hotelier Agence Nador Ligue A (Cih Standard),05363-32879,"Rue Ligue Arabe Quartier Centre Ville, Nador, Nador 62000",not available,Ahmed Akachar,5,Banque Dima Resayx huit,1970-01-01 00:00:00.000000,0,https://www.google.com/maps/contrib/103127831439382072663/reviews?hl=fr,Nothing,1970-01-01,Comp√©tence du personnel,Negative,['Manque de professionnalisme des employ√©s']
Morocco,Nador,Credit Immobilier Et Hotelier Agence Nador Ligue A (Cih Standard),05363-32879,"Rue Ligue Arabe Quartier Centre Ville, Nador, Nador 62000",not available,Ahmed Akachar,5,Banque Dima Resayx huit,1970-01-01 00:00:00.000000,0,https://www.google.com/maps/contrib/103127831439382072663/reviews?hl=fr,Nothing,1970-01-01,Service client,Negative,['Manque de r√©ponse des agents de service client']
Morocco,Nador,Credit Immobilier Et Hotelier Agence Nador Ligue A (Cih Standard),05363-32879,"Rue Ligue Arabe Quartier Centre Ville, Nador, Nador 62000",not available,Ahmed Akachar,5,Banque Dima Resayx huit,1970-01-01 00:00:00.000000,0,https://www.google.com/maps/contrib/103127831439382072663/reviews?hl=fr,Nothing,1970-01-01,Transparence des informations,Negative,"[""Manque d'information sur les frais et les conditions""]"
Morocco,Nador,Credit Immobilier Et Hotelier Agence Nador Ligue A (Cih Standard),05363-32879,"Rue Ligue Arabe Quartier Centre Ville, Nador, Nador 62000",not available,Ahmed Akachar,5,Banque Dima Resayx huit,1970-01-01 00:00:00.000000,0,https://www.google.com/maps/contrib/103127831439382072663/reviews?hl=fr,Nothing,1970-01-01,Localisation et accessibilit√©,Positive,['Branche facile √† trouver et accessible']
Morocco,Nador,Credit Immobilier Et Hotelier Agence Nador Ligue A (Cih Standard),05363-32879,"Rue Ligue Arabe Quartier Centre Ville, Nador, Nador 62000",not available,Fettah Fettah,5,"Parce que oui
Merci",2017-08-08 13:33:26.025061,0,https://www.google.com/maps/contrib/105039201282000720003/reviews?hl=fr,Nothing,1970-01-01,produits financiers,Negative,['trop √©lev√©s']
Morocco,Nador,Credit Immobilier Et Hotelier Agence Nador Ligue A (Cih Standard),05363-32879,"Rue Ligue Arabe Quartier Centre Ville, Nador, Nador 62000",not available,Zakaria Talhaoui,4,Bonne exp√©rience,2018-08-08 13:33:26.025071,0,https://www.google.com/maps/contrib/106386943327007090928/reviews?hl=fr,Nothing,1970-01-01,Service client√®le,Positive,"['R√©actif', 'Rapide']"
Morocco,Nador,Credit Immobilier Et Hotelier Agence Nador Ligue A (Cih Standard),05363-32879,"Rue Ligue Arabe Quartier Centre Ville, Nador, Nador 62000",not available,Zakaria Talhaoui,4,Bonne exp√©rience,2018-08-08 13:33:26.025071,0,https://www.google.com/maps/contrib/106386943327007090928/reviews?hl=fr,Nothing,1970-01-01,Ouverture de compte,Positive,['Simple']
Morocco,Nador,Soci√©t√© G√©n√©rale Nador Principale,05224-24242,"131 Ave Des Far, Nador 62000",https://www.sgmaroc.com/,Salif Hamza,1,"Imcompetence
Aucun engagement
Je sais pas si y a quelqu‚Äôun qui controle ces gens la ou pas . ‚Ä¶",1970-01-01 00:00:00.000000,0,https://www.google.com/maps/contrib/112626665022844955464/reviews?hl=fr,Nothing,1970-01-01,Imcompetence,Negative,"['Aucun contr√¥le', 'Pas de garanties']"
Morocco,Nador,Soci√©t√© G√©n√©rale Nador Principale,05224-24242,"131 Ave Des Far, Nador 62000",https://www.sgmaroc.com/,Souad Baud,1,A√Øe incomp√©tence c‚Äôest le seul mot qui me vienne,2022-08-07 13:33:26.025084,0,https://www.google.com/maps/contrib/108450521603663159039/reviews?hl=fr,Nothing,1970-01-01,incomp√©tence du personnel,Negative,['incomp√©tent']
Morocco,Nador,Soci√©t√© G√©n√©rale Nador Principale,05224-24242,"131 Ave Des Far, Nador 62000",https://www.sgmaroc.com/,Yassine Elbo,4,Bonne exp√©rience,2018-08-08 13:33:26.025094,0,https://www.google.com/maps/contrib/110553692029950814585/reviews?hl=fr,Nothing,1970-01-01,Exp√©rience utilisateur,Positive,"['Facile', 'Satisfaisante']"
Morocco,Nador,Bank Of Africa,05363-29120,"53Cj+32W, Nador",not available,Abdelaziz Bousnina,5,Une √©quipe tr√®s serviable et professionnelle.,2018-08-08 13:33:26.025104,2,https://www.google.com/maps/contrib/117576323430006211311/reviews?hl=fr,Nothing,1970-01-01,Service client√®le,Positive,"['serviable', 'professionnel']"
Morocco,Nador,Bank Of Africa,05363-29120,"53Cj+32W, Nador",not available,Taoufik Azirar,5,Merci pour le changement de direction j'aime bien,2022-08-07 13:33:26.025114,1,https://www.google.com/maps/contrib/109017998053793056296/reviews?hl=fr,Nothing,1970-01-01,Direction changement,Positive,['bien']
Morocco,Nador,Bank Of Africa,05363-29120,"53Cj+32W, Nador",not available,ÿ™ÿßÿ¨ ÿßŸÑŸÖÿπÿ±ŸÅÿ©,5,Bonne agence ... une √©quipe professionnels.....,2020-08-07 13:33:26.025123,0,https://www.google.com/maps/contrib/117072080598085493244/reviews?hl=fr,Nothing,1970-01-01,service client,Positive,"['r√©actif', 'satisfait']"
Morocco,Nador,Bank Of Africa,05363-29120,"53Cj+32W, Nador",not available,Mohammed Elherrif,1,toujours je t√©l√©phone pas r√©pondre .,2019-08-08 13:33:26.025133,0,https://www.google.com/maps/contrib/111065781523588715833/reviews?hl=fr,Nothing,1970-01-01,Service client,Negative,['pas r√©pondre']
Morocco,Nador,Bank Of Africa,05363-29120,"53Cj+32W, Nador",not available,Nador Nador,5,Tr√®s bonne exp√©rience,2018-08-08 13:33:26.025153,0,https://www.google.com/maps/contrib/105013643919912486734/reviews?hl=fr,Nothing,1970-01-01,Satisfaction client,Positive,['Tr√®s bonne exp√©rience']
Morocco,Nador,Agence Banque Populaire,Not available,"5379+W8X, Av. Hassan I, Nador",not available,Blue Nador,1,"C'est la pire agence, toujours pas de la ligne de connexion, les menteurs ....",2024-04-08 13:33:26.025164,0,https://www.google.com/maps/contrib/103179936997991557377/reviews?hl=fr,Nothing,1970-01-01,S√©curit√©,Negative,"['rupture de ligne de connexion', 'comportement erratique']"
Morocco,Nador,Agence Banque Populaire,Not available,"5379+W8X, Av. Hassan I, Nador",not available,M.K.V. 01,4,Bien,2018-08-08 13:33:26.025174,8,https://www.google.com/maps/contrib/114676560897864775737/reviews?hl=fr,Nothing,1970-01-01,Service client,Positive,"['r√©actif', 'rapidit√©']"
Morocco,Nador,Agence Banque Populaire,Not available,"5379+W8X, Av. Hassan I, Nador",not available,M.K.V. 01,4,Bien,2018-08-08 13:33:26.025174,8,https://www.google.com/maps/contrib/114676560897864775737/reviews?hl=fr,Nothing,1970-01-01,Facilit√© d'ouverture de compte,Positive,"['rapide', 'simple']"
Morocco,Nador,Agence Banque Populaire,Not available,"5379+W8X, Av. Hassan I, Nador",not available,Leon Gutenberger,5,Tr√®s bonne exp√©rience,1970-01-01 00:00:00.000000,0,https://www.google.com/maps/contrib/117906566314778105183/reviews?hl=fr,Nothing,1970-01-01,Satisfaction client,Positive,"['rapide', 'simple']"
Morocco,Nador,Agence Banque Populaire,Not available,"5379+W8X, Av. Hassan I, Nador",not available,Maha Mek„Ç∑,5,Tr√®s bonne exp√©rience,2017-08-08 13:33:26.025197,0,https://www.google.com/maps/contrib/116935338378679564323/reviews?hl=fr,Nothing,1970-01-01,Exp√©rience utilisateur,Positive,"['Rapide', 'Simple']"
Morocco,Nador,Cam Bd Hassan Ii,Not available,"53Hg+653, Rue Marrakech, Nador",not available,Septio Hadi Saputra,5,Chaisya rien,2024-01-09 13:33:26.025207,0,https://www.google.com/maps/contrib/105095074375598847881/reviews?hl=fr,Nothing,1970-01-01,Service client,Negative,"['Rude', 'Incomp√©tent']"
Morocco,Nador,Cam Bd Hassan Ii,Not available,"53Hg+653, Rue Marrakech, Nador",not available,Septio Hadi Saputra,5,Chaisya rien,2024-01-09 13:33:26.025207,0,https://www.google.com/maps/contrib/105095074375598847881/reviews?hl=fr,Nothing,1970-01-01,Localisation et accessibilit√©,Negative,['Loin de mon emplacement']
Morocco,Nador,Cam Bd Hassan Ii,Not available,"53Hg+653, Rue Marrakech, Nador",not available,Septio Hadi Saputra,5,Chaisya rien,2024-01-09 13:33:26.025207,0,https://www.google.com/maps/contrib/105095074375598847881/reviews?hl=fr,Nothing,1970-01-01,Satisfaction client,Negative,['Pas satisfait']
Morocco,Nador,Bmce - Centre Ville,Not available,"53Hf+C35, Av. Mly Smail, Nador",not available,Rosi Ak,1,"Prestation : 0
Solutions¬†: 0
Attention¬†: 0",2024-07-23 13:33:26.025219,1,https://www.google.com/maps/contrib/110055179935465255193/reviews?hl=fr,Nothing,1970-01-01,Prestation,Negative,['0/10']
Morocco,Nador,Bmce - Centre Ville,Not available,"53Hf+C35, Av. Mly Smail, Nador",not available,Rosi Ak,1,"Prestation : 0
Solutions¬†: 0
Attention¬†: 0",2024-07-23 13:33:26.025219,1,https://www.google.com/maps/contrib/110055179935465255193/reviews?hl=fr,Nothing,1970-01-01,Solutions,Negative,['pas de solution']
Morocco,Nador,Bmce - Centre Ville,Not available,"53Hf+C35, Av. Mly Smail, Nador",not available,Rosi Ak,1,"Prestation : 0
Solutions¬†: 0
Attention¬†: 0",2024-07-23 13:33:26.025219,1,https://www.google.com/maps/contrib/110055179935465255193/reviews?hl=fr,Nothing,1970-01-01,Attention,Negative,['0 attention']
Morocco,Nador,Bmce - Centre Ville,Not available,"53Hf+C35, Av. Mly Smail, Nador",not available,Mohamed Elmardi,4,"Tr√®s bien situ√©, personnel excellent. Il y a parfois des probl√®mes sur Internet",1970-01-01 00:00:00.000000,0,https://www.google.com/maps/contrib/115235254691680946859/reviews?hl=fr,Nothing,1970-01-01,Localisation et accessibilit√©,Positive,['Tr√®s bien situ√©']
